-- MySQL dump 10.13  Distrib 5.7.11, for osx10.9 (x86_64)
--
-- Host: 127.0.0.1    Database: ads
-- ------------------------------------------------------
-- Server version	5.7.11

/*!40101 SET @OLD_CHARACTER_SET_CLIENT=@@CHARACTER_SET_CLIENT */;
/*!40101 SET @OLD_CHARACTER_SET_RESULTS=@@CHARACTER_SET_RESULTS */;
/*!40101 SET @OLD_COLLATION_CONNECTION=@@COLLATION_CONNECTION */;
/*!40101 SET NAMES utf8 */;
/*!40103 SET @OLD_TIME_ZONE=@@TIME_ZONE */;
/*!40103 SET TIME_ZONE='+00:00' */;
/*!40014 SET @OLD_UNIQUE_CHECKS=@@UNIQUE_CHECKS, UNIQUE_CHECKS=0 */;
/*!40014 SET @OLD_FOREIGN_KEY_CHECKS=@@FOREIGN_KEY_CHECKS, FOREIGN_KEY_CHECKS=0 */;
/*!40101 SET @OLD_SQL_MODE=@@SQL_MODE, SQL_MODE='NO_AUTO_VALUE_ON_ZERO' */;
/*!40111 SET @OLD_SQL_NOTES=@@SQL_NOTES, SQL_NOTES=0 */;

--
-- Table structure for table `adlog`
--

DROP TABLE IF EXISTS `adlog`;
/*!40101 SET @saved_cs_client     = @@character_set_client */;
/*!40101 SET character_set_client = utf8 */;
CREATE TABLE `adlog` (
  `adid` int(6) unsigned zerofill NOT NULL,
  `type` enum('hit','click') DEFAULT NULL,
  `remotehost` varchar(64) NOT NULL,
  `remoteaddr` varchar(20) NOT NULL,
  `entrydate` datetime DEFAULT NULL,
  `site` varchar(35) DEFAULT NULL,
  KEY `adid` (`adid`),
  KEY `type` (`type`),
  KEY `site` (`site`),
  KEY `entrydate` (`entrydate`)
) ENGINE=InnoDB DEFAULT CHARSET=latin1;
/*!40101 SET character_set_client = @saved_cs_client */;

--
-- Dumping data for table `adlog`
--

LOCK TABLES `adlog` WRITE;
/*!40000 ALTER TABLE `adlog` DISABLE KEYS */;
INSERT INTO `adlog` VALUES (000080,'hit','::1','::1','2016-04-23 21:28:11','test domain'),(000081,'hit','::1','::1','2016-04-23 21:28:50','test domain'),(000080,'hit','::1','::1','2016-04-23 21:34:21','test domain'),(000081,'hit','::1','::1','2016-04-23 21:34:33','test domain'),(000080,'hit','::1','::1','2016-04-23 21:35:17','test domain'),(000081,'hit','::1','::1','2016-04-23 21:53:30','test domain'),(000080,'hit','::1','::1','2016-04-23 21:56:59','test domain'),(000081,'hit','::1','::1','2016-04-23 21:57:25','test domain'),(000080,'hit','::1','::1','2016-04-23 21:57:28','test domain'),(000081,'hit','::1','::1','2016-04-23 21:57:36','test domain'),(000080,'hit','::1','::1','2016-04-23 21:58:31','test domain'),(000081,'hit','::1','::1','2016-04-23 21:58:49','test domain'),(000080,'hit','::1','::1','2016-04-23 21:58:51','test domain'),(000081,'hit','::1','::1','2016-04-23 21:58:54','test domain'),(000080,'hit','::1','::1','2016-04-23 21:58:56','test domain'),(000081,'hit','::1','::1','2016-04-23 21:59:11','test domain'),(000080,'hit','::1','::1','2016-04-23 21:59:12','test domain'),(000081,'hit','::1','::1','2016-04-23 22:00:42','test domain'),(000080,'hit','::1','::1','2016-04-23 22:00:44','test domain'),(000081,'hit','::1','::1','2016-04-23 22:00:46','test domain'),(000080,'hit','::1','::1','2016-04-23 22:00:47','test domain'),(000081,'hit','::1','::1','2016-04-23 22:00:50','test domain'),(000080,'hit','::1','::1','2016-04-23 22:00:51','test domain'),(000081,'hit','::1','::1','2016-04-23 22:00:53','test domain'),(000080,'hit','::1','::1','2016-04-23 22:00:54','test domain'),(000081,'hit','::1','::1','2016-04-23 22:01:10','test domain'),(000080,'hit','::1','::1','2016-04-23 22:01:46','test domain'),(000081,'hit','::1','::1','2016-04-23 22:09:23','test domain'),(000080,'hit','::1','::1','2016-04-23 22:16:18','test domain'),(000081,'hit','::1','::1','2016-04-23 22:16:30','test domain'),(000080,'hit','::1','::1','2016-04-23 22:18:39','test domain'),(000081,'hit','::1','::1','2016-04-23 22:20:47','test domain'),(000080,'hit','::1','::1','2016-04-23 22:22:33','test domain'),(000081,'hit','::1','::1','2016-04-23 22:23:36','test domain'),(000080,'hit','::1','::1','2016-04-23 22:24:32','test domain'),(000081,'hit','::1','::1','2016-04-23 22:26:01','test domain'),(000080,'hit','::1','::1','2016-04-23 22:33:21','test domain'),(000081,'hit','::1','::1','2016-04-23 22:33:22','test domain'),(000080,'hit','::1','::1','2016-04-23 22:33:51','test domain'),(000081,'hit','::1','::1','2016-04-23 22:33:52','test domain'),(000080,'hit','::1','::1','2016-04-23 22:34:35','test domain'),(000081,'hit','::1','::1','2016-04-23 22:34:36','test domain'),(000080,'hit','::1','::1','2016-04-23 22:34:53','test domain'),(000081,'hit','::1','::1','2016-04-23 22:37:18','test domain'),(000080,'hit','::1','::1','2016-04-23 22:37:47','test domain'),(000081,'hit','::1','::1','2016-04-23 22:39:14','test domain'),(000080,'hit','::1','::1','2016-04-23 22:39:17','test domain'),(000081,'hit','::1','::1','2016-04-23 22:42:26','test domain'),(000080,'hit','::1','::1','2016-04-23 22:42:43','test domain'),(000081,'hit','::1','::1','2016-04-23 22:43:30','test domain'),(000080,'hit','::1','::1','2016-04-23 22:43:37','test domain'),(000081,'hit','::1','::1','2016-04-23 22:43:39','test domain'),(000080,'hit','::1','::1','2016-04-23 22:43:41','test domain'),(000081,'hit','::1','::1','2016-04-23 22:43:43','test domain'),(000080,'hit','::1','::1','2016-04-23 22:43:45','test domain'),(000081,'hit','::1','::1','2016-04-23 22:43:55','test domain'),(000080,'hit','::1','::1','2016-04-23 22:43:58','test domain'),(000081,'hit','::1','::1','2016-04-23 22:46:00','test domain'),(000080,'hit','::1','::1','2016-04-23 22:46:42','test domain'),(000081,'hit','::1','::1','2016-04-23 22:46:43','test domain'),(000080,'hit','::1','::1','2016-04-23 22:46:49','test domain'),(000081,'hit','::1','::1','2016-04-23 22:46:50','test domain'),(000080,'hit','::1','::1','2016-04-23 22:46:52','test domain'),(000081,'hit','::1','::1','2016-04-23 22:50:57','test domain'),(000080,'hit','::1','::1','2016-04-23 22:50:59','test domain'),(000081,'hit','::1','::1','2016-04-23 22:51:19','test domain'),(000080,'hit','::1','::1','2016-04-23 22:51:21','test domain'),(000081,'hit','::1','::1','2016-04-23 22:51:22','test domain'),(000080,'hit','::1','::1','2016-04-23 22:51:28','test domain'),(000081,'hit','::1','::1','2016-04-23 22:51:29','test domain'),(000080,'hit','::1','::1','2016-04-23 22:51:44','test domain'),(000081,'hit','::1','::1','2016-04-23 22:51:46','test domain'),(000080,'hit','::1','::1','2016-04-23 22:52:11','test domain'),(000081,'hit','::1','::1','2016-04-23 22:52:32','test domain'),(000080,'hit','::1','::1','2016-04-23 22:52:38','test domain'),(000081,'hit','::1','::1','2016-04-23 22:52:41','test domain'),(000080,'hit','::1','::1','2016-04-23 22:54:18','test domain'),(000081,'hit','::1','::1','2016-04-23 22:54:22','test domain'),(000080,'hit','::1','::1','2016-04-23 22:54:41','test domain'),(000081,'hit','::1','::1','2016-04-23 22:54:43','test domain'),(000080,'hit','::1','::1','2016-04-23 22:56:34','test domain'),(000081,'hit','::1','::1','2016-04-23 22:56:37','test domain'),(000080,'hit','::1','::1','2016-04-23 22:56:38','test domain'),(000081,'hit','::1','::1','2016-04-23 22:56:40','test domain'),(000080,'hit','::1','::1','2016-04-23 23:02:01','test domain'),(000080,'hit','::1','::1','2016-04-23 23:02:10','test domain'),(000080,'hit','::1','::1','2016-04-23 23:02:42','test domain'),(000080,'hit','::1','::1','2016-04-23 23:03:25','test domain'),(000080,'hit','::1','::1','2016-04-23 23:04:00','test domain'),(000080,'hit','::1','::1','2016-04-23 23:04:55','test domain'),(000080,'hit','::1','::1','2016-04-23 23:05:19','test domain'),(000080,'hit','::1','::1','2016-04-23 23:05:30','test domain'),(000080,'hit','::1','::1','2016-04-23 23:08:31','test domain'),(000080,'hit','::1','::1','2016-04-23 23:08:57','test domain'),(000081,'hit','::1','::1','2016-04-23 23:09:01','test domain'),(000080,'hit','::1','::1','2016-04-23 23:09:04','test domain'),(000080,'hit','::1','::1','2016-04-23 23:32:06','test domain'),(000081,'hit','::1','::1','2016-04-23 23:42:18','test domain'),(000080,'hit','::1','::1','2016-04-23 23:42:24','test domain'),(000080,'hit','::1','::1','2016-04-23 23:47:04','test domain'),(000080,'hit','::1','::1','2016-04-23 23:47:21','test domain'),(000081,'hit','::1','::1','2016-04-23 23:47:34','test domain'),(000080,'hit','::1','::1','2016-04-24 00:40:03','test domain'),(000091,'hit','::1','::1','2016-04-24 03:05:13','test domain'),(000091,'hit','::1','::1','2016-04-24 03:05:55','test domain'),(000091,'hit','::1','::1','2016-04-24 03:15:03','test domain'),(000091,'hit','::1','::1','2016-04-24 03:16:22','test domain'),(000092,'hit','::1','::1','2016-04-24 03:16:34','test domain'),(000092,'hit','::1','::1','2016-04-24 03:22:13','test domain'),(000092,'hit','::1','::1','2016-04-24 03:22:28','test domain'),(000080,'hit','::1','::1','2016-04-24 03:22:35','test domain'),(000091,'hit','::1','::1','2016-04-24 03:22:40','test domain'),(000081,'hit','::1','::1','2016-04-24 03:22:44','test domain'),(000080,'hit','::1','::1','2016-04-24 03:22:52','test domain'),(000091,'hit','::1','::1','2016-04-24 03:22:55','test domain'),(000094,'hit','::1','::1','2016-04-24 10:58:51','test domain'),(000081,'hit','::1','::1','2016-04-24 11:51:21','test domain'),(000080,'hit','::1','::1','2016-04-24 15:52:56','test domain'),(000092,'hit','::1','::1','2016-04-24 15:53:36','test domain'),(000081,'hit','::1','::1','2016-04-24 15:53:44','test domain'),(000080,'hit','::1','::1','2016-04-24 15:53:50','test domain'),(000091,'hit','::1','::1','2016-04-24 15:53:54','test domain'),(000091,'hit','::1','::1','2016-04-24 15:54:05','test domain'),(000095,'hit','::1','::1','2016-04-24 16:12:08','test domain'),(000095,'hit','::1','::1','2016-04-24 16:12:50','test domain'),(000098,'hit','::1','::1','2016-04-24 16:38:39','test domain'),(000099,'hit','::1','::1','2016-04-24 17:10:32','test domain'),(000099,'hit','::1','::1','2016-04-24 17:36:20','test domain'),(000101,'hit','::1','::1','2016-04-24 19:12:13','test domain'),(000101,'hit','::1','::1','2016-04-24 20:43:33','test domain'),(000101,'hit','::1','::1','2016-04-24 20:43:43','test domain'),(000080,'hit','::1','::1','2016-04-24 20:43:48','test domain'),(000092,'hit','::1','::1','2016-04-24 20:43:53','test domain'),(000081,'hit','::1','::1','2016-04-24 20:44:01','test domain'),(000101,'hit','::1','::1','2016-04-27 17:40:44','test domain'),(000106,'hit','::1','::1','2016-04-27 22:53:25','test domain'),(000109,'hit','::1','::1','2016-04-29 22:02:58','test domain'),(000113,'hit','::1','::1','2016-04-30 19:58:58','test domain'),(000113,'hit','::1','::1','2016-04-30 20:08:50','test domain'),(000113,'hit','::1','::1','2016-04-30 20:10:18','test domain'),(000113,'hit','::1','::1','2016-04-30 20:13:54','test domain'),(000092,'hit','::1','::1','2016-04-30 20:19:09','test domain'),(000081,'hit','::1','::1','2016-04-30 20:19:59','test domain'),(000101,'hit','::1','::1','2016-04-30 20:22:09','test domain'),(000113,'hit','::1','::1','2016-04-30 20:24:12','test domain'),(000092,'hit','::1','::1','2016-04-30 20:24:12','test domain'),(000081,'hit','::1','::1','2016-04-30 20:24:13','test domain'),(000101,'hit','::1','::1','2016-04-30 20:24:46','test domain'),(000092,'hit','::1','::1','2016-04-30 20:24:46','test domain'),(000113,'hit','::1','::1','2016-04-30 20:24:46','test domain'),(000081,'hit','::1','::1','2016-04-30 20:25:51','test domain'),(000092,'hit','::1','::1','2016-04-30 20:25:51','test domain'),(000101,'hit','::1','::1','2016-04-30 20:25:51','test domain'),(000113,'hit','::1','::1','2016-04-30 20:26:08','test domain'),(000081,'hit','::1','::1','2016-04-30 20:26:08','test domain'),(000092,'hit','::1','::1','2016-04-30 20:26:08','test domain'),(000101,'hit','::1','::1','2016-04-30 21:31:54','test domain'),(000081,'hit','::1','::1','2016-04-30 21:31:55','test domain'),(000092,'hit','::1','::1','2016-04-30 21:33:19','test domain'),(000113,'hit','::1','::1','2016-04-30 21:33:20','test domain'),(000101,'hit','::1','::1','2016-04-30 21:33:47','test domain'),(000081,'hit','::1','::1','2016-04-30 21:33:47','test domain'),(000109,'hit','::1','::1','2016-04-30 21:34:23','test domain'),(000092,'hit','::1','::1','2016-04-30 21:34:24','test domain'),(000113,'hit','::1','::1','2016-04-30 21:43:46','test domain'),(000081,'hit','::1','::1','2016-04-30 21:43:46','test domain'),(000101,'hit','::1','::1','2016-04-30 21:44:01','test domain'),(000109,'hit','::1','::1','2016-04-30 21:44:01','test domain'),(000092,'hit','::1','::1','2016-04-30 21:44:01','test domain'),(000081,'hit','::1','::1','2016-04-30 22:40:27','test domain'),(000113,'hit','::1','::1','2016-04-30 22:40:28','test domain'),(000092,'hit','::1','::1','2016-04-30 22:40:28','test domain'),(000121,'hit','::1','::1','2016-04-30 22:42:08','test domain'),(000101,'hit','::1','::1','2016-04-30 22:42:08','test domain'),(000109,'hit','::1','::1','2016-04-30 22:42:09','test domain'),(000081,'hit','::1','::1','2016-04-30 22:43:57','test domain'),(000092,'hit','::1','::1','2016-04-30 22:43:57','test domain'),(000113,'hit','::1','::1','2016-04-30 22:43:57','test domain'),(000101,'hit','::1','::1','2016-04-30 22:44:18','test domain'),(000121,'hit','::1','::1','2016-04-30 22:44:18','test domain'),(000109,'hit','::1','::1','2016-04-30 22:44:18','test domain'),(000081,'hit','::1','::1','2016-04-30 22:45:09','test domain'),(000092,'hit','::1','::1','2016-04-30 22:45:09','test domain'),(000113,'hit','::1','::1','2016-04-30 22:45:09','test domain'),(000101,'hit','::1','::1','2016-04-30 22:48:31','test domain'),(000109,'hit','::1','::1','2016-04-30 22:48:40','test domain'),(000121,'hit','::1','::1','2016-04-30 22:49:21','test domain'),(000081,'hit','::1','::1','2016-04-30 22:49:32','test domain'),(000092,'hit','::1','::1','2016-04-30 22:49:33','test domain'),(000113,'hit','::1','::1','2016-04-30 22:49:33','test domain'),(000101,'hit','::1','::1','2016-04-30 22:50:16','test domain'),(000109,'hit','::1','::1','2016-04-30 22:50:16','test domain'),(000121,'hit','::1','::1','2016-04-30 22:50:16','test domain'),(000081,'hit','::1','::1','2016-04-30 22:50:44','test domain'),(000092,'hit','::1','::1','2016-04-30 22:50:45','test domain'),(000113,'hit','::1','::1','2016-04-30 22:50:45','test domain'),(000101,'hit','::1','::1','2016-04-30 22:51:55','test domain'),(000109,'hit','::1','::1','2016-04-30 22:51:56','test domain'),(000121,'hit','::1','::1','2016-04-30 22:51:56','test domain'),(000081,'hit','::1','::1','2016-04-30 22:52:18','test domain'),(000092,'hit','::1','::1','2016-04-30 22:52:25','test domain'),(000113,'hit','::1','::1','2016-04-30 22:53:34','test domain'),(000101,'hit','::1','::1','2016-04-30 22:53:34','test domain'),(000109,'hit','::1','::1','2016-04-30 22:55:19','test domain'),(000121,'hit','::1','::1','2016-04-30 22:55:19','test domain'),(000081,'hit','::1','::1','2016-04-30 22:56:04','test domain'),(000092,'hit','::1','::1','2016-04-30 22:56:04','test domain'),(000101,'hit','::1','::1','2016-04-30 22:56:05','test domain'),(000113,'hit','::1','::1','2016-04-30 22:56:23','test domain'),(000109,'hit','::1','::1','2016-04-30 22:56:23','test domain'),(000121,'hit','::1','::1','2016-04-30 22:56:23','test domain'),(000081,'hit','::1','::1','2016-04-30 22:56:42','test domain'),(000092,'hit','::1','::1','2016-04-30 22:56:42','test domain'),(000101,'hit','::1','::1','2016-04-30 22:57:36','test domain'),(000109,'hit','::1','::1','2016-04-30 22:57:36','test domain'),(000113,'hit','::1','::1','2016-04-30 22:58:02','test domain'),(000121,'hit','::1','::1','2016-04-30 22:58:02','test domain'),(000081,'hit','::1','::1','2016-04-30 22:58:11','test domain'),(000092,'hit','::1','::1','2016-04-30 22:58:11','test domain'),(000101,'hit','::1','::1','2016-04-30 22:58:11','test domain'),(000109,'hit','::1','::1','2016-04-30 22:58:17','test domain'),(000113,'hit','::1','::1','2016-04-30 22:58:17','test domain'),(000121,'hit','::1','::1','2016-04-30 22:58:17','test domain'),(000081,'hit','::1','::1','2016-04-30 22:58:37','test domain'),(000092,'hit','::1','::1','2016-04-30 22:58:37','test domain'),(000101,'hit','::1','::1','2016-04-30 22:58:37','test domain'),(000109,'hit','::1','::1','2016-04-30 22:58:48','test domain'),(000113,'hit','::1','::1','2016-04-30 22:58:48','test domain'),(000121,'hit','::1','::1','2016-04-30 22:58:48','test domain'),(000081,'hit','::1','::1','2016-04-30 22:59:20','test domain'),(000092,'hit','::1','::1','2016-04-30 22:59:21','test domain'),(000101,'hit','::1','::1','2016-04-30 22:59:21','test domain'),(000109,'hit','::1','::1','2016-04-30 22:59:54','test domain'),(000113,'hit','::1','::1','2016-04-30 22:59:54','test domain'),(000081,'hit','::1','::1','2016-04-30 23:02:50','test domain'),(000092,'hit','::1','::1','2016-04-30 23:02:50','test domain'),(000101,'hit','::1','::1','2016-04-30 23:02:54','test domain'),(000109,'hit','::1','::1','2016-04-30 23:02:54','test domain'),(000113,'hit','::1','::1','2016-04-30 23:03:12','test domain'),(000081,'hit','::1','::1','2016-04-30 23:03:12','test domain'),(000092,'hit','::1','::1','2016-04-30 23:04:19','test domain'),(000101,'hit','::1','::1','2016-04-30 23:04:19','test domain'),(000109,'hit','::1','::1','2016-04-30 23:04:36','test domain'),(000081,'hit','::1','::1','2016-04-30 23:04:37','test domain'),(000113,'hit','::1','::1','2016-04-30 23:05:22','test domain'),(000092,'hit','::1','::1','2016-04-30 23:05:22','test domain'),(000101,'hit','::1','::1','2016-04-30 23:07:57','test domain'),(000109,'hit','::1','::1','2016-04-30 23:07:57','test domain'),(000081,'hit','::1','::1','2016-04-30 23:08:45','test domain'),(000092,'hit','::1','::1','2016-04-30 23:08:48','test domain'),(000113,'hit','::1','::1','2016-04-30 23:08:51','test domain'),(000101,'hit','::1','::1','2016-04-30 23:09:16','test domain'),(000109,'hit','::1','::1','2016-04-30 23:09:16','test domain'),(000081,'hit','::1','::1','2016-04-30 23:10:33','test domain'),(000092,'hit','::1','::1','2016-04-30 23:10:33','test domain'),(000113,'hit','::1','::1','2016-04-30 23:12:10','test domain'),(000101,'hit','::1','::1','2016-04-30 23:12:10','test domain'),(000109,'hit','::1','::1','2016-04-30 23:12:21','test domain'),(000081,'hit','::1','::1','2016-04-30 23:12:21','test domain'),(000092,'hit','::1','::1','2016-04-30 23:12:51','test domain'),(000101,'hit','::1','::1','2016-04-30 23:12:51','test domain'),(000113,'hit','::1','::1','2016-04-30 23:13:35','test domain'),(000081,'hit','::1','::1','2016-04-30 23:13:36','test domain'),(000109,'hit','::1','::1','2016-04-30 23:14:15','test domain'),(000092,'hit','::1','::1','2016-04-30 23:14:15','test domain'),(000101,'hit','::1','::1','2016-04-30 23:16:54','test domain'),(000113,'hit','::1','::1','2016-04-30 23:16:54','test domain'),(000081,'hit','::1','::1','2016-04-30 23:17:08','test domain'),(000092,'hit','::1','::1','2016-04-30 23:17:08','test domain'),(000109,'hit','::1','::1','2016-04-30 23:17:32','test domain'),(000101,'hit','::1','::1','2016-04-30 23:17:32','test domain'),(000113,'hit','::1','::1','2016-04-30 23:18:09','test domain'),(000081,'hit','::1','::1','2016-04-30 23:18:09','test domain'),(000092,'hit','::1','::1','2016-04-30 23:18:31','test domain'),(000101,'hit','::1','::1','2016-04-30 23:18:32','test domain'),(000109,'hit','::1','::1','2016-04-30 23:18:43','test domain'),(000081,'hit','::1','::1','2016-04-30 23:18:43','test domain'),(000113,'hit','::1','::1','2016-04-30 23:19:00','test domain'),(000092,'hit','::1','::1','2016-04-30 23:19:00','test domain'),(000101,'hit','::1','::1','2016-04-30 23:19:09','test domain'),(000081,'hit','::1','::1','2016-04-30 23:19:09','test domain'),(000109,'hit','::1','::1','2016-04-30 23:20:34','test domain'),(000092,'hit','::1','::1','2016-04-30 23:20:35','test domain'),(000113,'hit','::1','::1','2016-04-30 23:21:59','test domain'),(000081,'hit','::1','::1','2016-04-30 23:21:59','test domain'),(000101,'hit','::1','::1','2016-04-30 23:22:10','test domain'),(000109,'hit','::1','::1','2016-04-30 23:22:10','test domain'),(000092,'hit','::1','::1','2016-04-30 23:23:05','test domain'),(000081,'hit','::1','::1','2016-04-30 23:23:05','test domain'),(000113,'hit','::1','::1','2016-04-30 23:23:19','test domain'),(000101,'hit','::1','::1','2016-04-30 23:23:19','test domain'),(000109,'hit','::1','::1','2016-04-30 23:25:40','test domain'),(000081,'hit','::1','::1','2016-04-30 23:25:55','test domain'),(000092,'hit','::1','::1','2016-04-30 23:25:55','test domain'),(000101,'hit','::1','::1','2016-04-30 23:36:37','test domain'),(000113,'hit','::1','::1','2016-04-30 23:36:37','test domain'),(000109,'hit','::1','::1','2016-04-30 23:37:01','test domain'),(000081,'hit','::1','::1','2016-04-30 23:37:02','test domain'),(000092,'hit','::1','::1','2016-04-30 23:37:22','test domain'),(000101,'hit','::1','::1','2016-04-30 23:37:22','test domain'),(000113,'hit','::1','::1','2016-04-30 23:37:40','test domain'),(000109,'hit','::1','::1','2016-04-30 23:37:41','test domain'),(000081,'hit','::1','::1','2016-04-30 23:40:01','test domain'),(000092,'hit','::1','::1','2016-04-30 23:40:01','test domain'),(000101,'hit','::1','::1','2016-04-30 23:40:37','test domain'),(000113,'hit','::1','::1','2016-04-30 23:40:38','test domain'),(000109,'hit','::1','::1','2016-04-30 23:41:47','test domain'),(000081,'hit','::1','::1','2016-04-30 23:41:47','test domain'),(000092,'hit','::1','::1','2016-04-30 23:43:25','test domain'),(000101,'hit','::1','::1','2016-04-30 23:43:25','test domain'),(000113,'hit','::1','::1','2016-04-30 23:43:38','test domain'),(000081,'hit','::1','::1','2016-04-30 23:43:38','test domain'),(000109,'hit','::1','::1','2016-04-30 23:45:37','test domain'),(000092,'hit','::1','::1','2016-04-30 23:45:37','test domain'),(000101,'hit','::1','::1','2016-04-30 23:46:05','test domain'),(000081,'hit','::1','::1','2016-04-30 23:46:05','test domain'),(000113,'hit','::1','::1','2016-04-30 23:47:15','test domain'),(000092,'hit','::1','::1','2016-04-30 23:47:15','test domain'),(000109,'hit','::1','::1','2016-05-01 00:08:37','test domain'),(000081,'hit','::1','::1','2016-05-01 00:08:37','test domain'),(000101,'hit','::1','::1','2016-05-01 17:12:29','test domain'),(000092,'hit','::1','::1','2016-05-01 17:12:29','test domain'),(000113,'hit','::1','::1','2016-05-07 00:38:19','test domain'),(000081,'hit','::1','::1','2016-05-07 00:38:19','test domain'),(000109,'hit','::1','::1','2016-05-08 19:48:10','test domain'),(000092,'hit','::1','::1','2016-05-08 19:48:10','test domain'),(000124,'hit','::1','::1','2016-05-08 21:29:36','test domain'),(000101,'hit','::1','::1','2016-05-08 21:29:37','test domain'),(000081,'hit','::1','::1','2016-05-08 23:25:03','test domain'),(000081,'hit','::1','::1','2016-05-08 23:40:31','test domain'),(000125,'hit','::1','::1','2016-05-08 23:54:50','test domain'),(000127,'hit','::1','::1','2016-05-09 00:12:58','test domain'),(000113,'hit','::1','::1','2016-05-09 00:56:34','test domain'),(000092,'hit','::1','::1','2016-05-13 13:14:47','test domain'),(000109,'hit','::1','::1','2016-05-13 13:22:07','test domain'),(000101,'hit','::1','::1','2016-05-13 13:22:33','test domain'),(000081,'hit','::1','::1','2016-05-13 15:36:09','test domain'),(000198,'hit','::1','::1','2016-05-13 15:47:52','test domain'),(000201,'hit','::1','::1','2016-05-13 15:58:40','test domain'),(000202,'hit','::1','::1','2016-05-13 18:54:24','test domain'),(000127,'hit','::1','::1','2016-05-13 18:56:21','test domain'),(000113,'hit','::1','::1','2016-05-13 18:56:39','test domain'),(000092,'hit','::1','::1','2016-05-13 19:09:59','test domain'),(000204,'hit','::1','::1','2016-05-14 21:15:26','test domain'),(000207,'hit','::1','::1','2016-05-14 22:43:11','test domain'),(000207,'hit','::1','::1','2016-05-16 12:44:29','test domain'),(000207,'hit','::1','::1','2016-05-16 12:44:33','test domain'),(000216,'hit','::1','::1','2016-05-20 21:42:53','test domain'),(000217,'hit','::1','::1','2016-05-23 18:09:57','test domain'),(000217,'hit','::1','::1','2016-05-23 18:11:40','test domain'),(000217,'hit','::1','::1','2016-05-23 18:13:50','test domain'),(000217,'hit','::1','::1','2016-05-23 18:14:15','test domain'),(000223,'hit','::1','::1','2016-05-23 21:42:46','test domain'),(000223,'hit','::1','::1','2016-05-23 22:28:12','test domain'),(000207,'hit','::1','::1','2016-06-02 10:26:44','test domain'),(000216,'hit','::1','::1','2016-06-02 10:27:02','test domain'),(000216,'hit','::1','::1','2016-06-02 10:29:29','test domain'),(000216,'hit','::1','::1','2016-06-02 11:59:43','test domain'),(000207,'hit','::1','::1','2016-06-02 13:35:53','test domain'),(000216,'hit','::1','::1','2016-06-02 13:37:59','test domain'),(000207,'hit','::1','::1','2016-06-02 13:38:16','test domain'),(000207,'hit','::1','::1','2016-06-02 13:39:42','test domain'),(000207,'hit','::1','::1','2016-06-02 13:40:12','test domain'),(000207,'hit','::1','::1','2016-06-02 13:41:35','test domain'),(000207,'hit','::1','::1','2016-06-02 13:41:46','test domain'),(000216,'hit','::1','::1','2016-06-02 13:42:10','test domain'),(000216,'hit','::1','::1','2016-06-02 13:42:15','test domain'),(000223,'hit','::1','::1','2016-06-02 13:45:40','test domain'),(000222,'hit','::1','::1','2016-06-02 17:55:28','test domain');
/*!40000 ALTER TABLE `adlog` ENABLE KEYS */;
UNLOCK TABLES;

--
-- Table structure for table `ads`
--

DROP TABLE IF EXISTS `ads`;
/*!40101 SET @saved_cs_client     = @@character_set_client */;
/*!40101 SET character_set_client = utf8 */;
CREATE TABLE `ads` (
  `adid` int(6) unsigned zerofill NOT NULL AUTO_INCREMENT,
  `uid` smallint(5) unsigned zerofill DEFAULT NULL,
  `groupid` int(6) unsigned NOT NULL DEFAULT '0',
  `domainid` int(6) unsigned zerofill DEFAULT '000000',
  `adclass` tinyint(1) unsigned zerofill DEFAULT '4',
  `class` varchar(16) DEFAULT NULL,
  `title` varchar(192) DEFAULT NULL,
  `hash` varchar(20) NOT NULL,
  `uri` varchar(256) NOT NULL DEFAULT '',
  `banner` varchar(255) DEFAULT NULL,
  `bgimage` varchar(255) NOT NULL DEFAULT '',
  `htmlad` varchar(4096) NOT NULL DEFAULT '',
  `cssad` varchar(4096) NOT NULL DEFAULT '',
  `address` varchar(128) NOT NULL DEFAULT '',
  `zip` int(5) unsigned zerofill DEFAULT '00000',
  `lat` float(10,6) DEFAULT NULL,
  `lng` float(10,6) DEFAULT NULL,
  `tags` tinytext,
  `services` tinytext,
  `width` int(4) DEFAULT NULL,
  `height` int(4) DEFAULT NULL,
  `url` varchar(255) DEFAULT NULL,
  `textad` varchar(255) DEFAULT NULL,
  `textadurl` varchar(255) DEFAULT NULL,
  `trackingurl` varchar(255) DEFAULT NULL,
  `logfile` varchar(255) DEFAULT NULL,
  `logtype` set('hits','clicks') DEFAULT NULL,
  `hits` int(8) unsigned DEFAULT NULL,
  `clicks` int(8) unsigned DEFAULT NULL,
  `priority` enum('1','2','3') DEFAULT '2',
  `domains` tinytext,
  `createdate` datetime NOT NULL,
  `modifydate` datetime NOT NULL,
  `expiredate` datetime NOT NULL,
  `lastdisplay` datetime NOT NULL,
  `statsreset` datetime NOT NULL,
  `notes` text,
  `active` char(1) DEFAULT NULL,
  PRIMARY KEY (`adid`),
  KEY `adid` (`adid`)
) ENGINE=InnoDB AUTO_INCREMENT=224 DEFAULT CHARSET=latin1;
/*!40101 SET character_set_client = @saved_cs_client */;

--
-- Dumping data for table `ads`
--

LOCK TABLES `ads` WRITE;
/*!40000 ALTER TABLE `ads` DISABLE KEYS */;
INSERT INTO `ads` VALUES (000127,00001,0,000000,0,'tiny','bike rent arc de triunf','','bike-rent-arc-de-triunf','','','                                                                                                            \r\n              <div class=\"ad-box large\">\r\n                <a class=\"adlnk\" href=\"http://www.musicloader.org\" target=\"_blank\">\r\n                  <div class=\"elem-ad\" style=\"animation: animation-1 1000ms linear both; background-color: rgb(204, 204, 204); background-size: 100% 100%; background-position: 0px 0px;\"><img class=\"top-img ui-draggable ui-draggable-disabled ui-state-disabled\" src=\"/data/bike04.png\" data-ratio=\"4\" data-frame-x=\"453\" data-frame-y=\"215\" data-pos-x=\"-149\" data-pos-y=\"-122\" aria-disabled=\"true\" style=\"height: 429px; width: 492px; position: relative; left: -149px; top: -122px;\"></div>\r\n                  <div class=\"add-str shadow\">\r\n                    <h2 style=\"text-shadow: rgb(0, 0, 0) 2px 2px 6px; color: rgb(255, 255, 255); font-family: Orator; animation: animation-46 510ms linear both;\">bike rent arc de triunf</h2>\r\n                  </div>\r\n                </a>\r\n              </div>\r\n                                                                                    ','{\"font\":{\"color\":\"#ffffff\",\"font-family\":\"Orator\"},\"bg\":{\"background-color\":\"#cccccc\",\"background-image\":\"url()\",\"background-position\":\"0 0\",\"background-size\":\"100% 100%\"},\"shadow\":{\"text-shadow\":\"#000000 2px 2px 6px\"},\"banner\":\"\",\"img\":{\"width\":\"492px\",\"height\":\"429px\",\"src\":\"/data/bike04.png\",\"ratio\":\"4\",\"left\":\"-149px\",\"top\":\"-122px\"},\"tags\":[\"classic\",\"electric\"],\"services\":[\"tours\",\"shop\"],\"frame_width\":453,\"frame_height\":215,\"title\":\"bike rent arc de triunf\",\"website\":\"www.musicloader.org\",\"size\":\"large\",\"htmlad\":\"\\n              <div class=\\\"ad-box large\\\">\\n                <a class=\\\"adlnk\\\" href=\\\"http://www.musicloader.org\\\" target=\\\"_blank\\\">\\n                  <div class=\\\"elem-ad\\\" style=\\\"animation: animation-1 1000ms linear both; background-color: rgb(204, 204, 204); background-size: 100% 100%; background-position: 0px 0px;\\\"><img class=\\\"top-img ui-draggable ui-draggable-disabled ui-state-disabled\\\" src=\\\"/data/bike04.png\\\" data-ratio=\\\"4\\\" data-frame-x=\\\"453\\\" data-frame-y=\\\"215\\\" data-pos-x=\\\"-149\\\" data-pos-y=\\\"-122\\\" aria-disabled=\\\"true\\\" style=\\\"height: 429px; width: 492px; position: relative; left: -149px; top: -122px;\\\"></div>\\n                  <div class=\\\"add-str shadow\\\">\\n                    <h2 style=\\\"text-shadow: rgb(0, 0, 0) 2px 2px 6px; color: rgb(255, 255, 255); font-family: Orator; animation: animation-46 510ms linear both;\\\">bike rent arc de triunf</h2>\\n                  </div>\\n                </a>\\n              </div>\\n            \"}','arc de triunf, Barcelona',00000,41.391033,2.180661,'classic,electric','tours,shop',540,320,'www.musicloader.org','bike rent arc de triunf','','','','hits',2,0,'2','000013','2016-05-08 23:42:53','2016-05-09 00:46:21','2016-07-09 00:20:40','2016-05-13 18:56:21','1000-01-01 00:00:01','This ad looks ok. Mon 9 May, 2016','Y'),(000148,00001,0,000061,4,'small','Bike rent in Forum','','bike-rent-in-forum','/data/cloud.jpg','','\n              <div class=\"ad-box small\" style=\"\n    padding: 0;\n\">\n                <a class=\"adlnk\" href=\"\" target=\"_blank\">\n                  <div class=\"elem-ad\" style=\"animation: animation-85 850ms linear both;background-image: url(&quot;/data/cloud.jpg&quot;);background-color: rgb(255, 255, 255);background-size: 100% 100%;background-position: 0px 0px;padding: 0;\"></div>\n                  <div class=\"add-str shadow\">\n                    <h2 style=\"text-shadow: rgb(238, 238, 238) 2px 2px 6px; color: rgb(0, 0, 0); font-family: Orator; animation: animation-82 510ms linear both;\">Bike rent in Forum</h2>\n                  </div>\n                </a>\n              </div>\n            ','{\"font\":{\"color\":\"#000\",\"font-family\":\"Orator\"},\"bg\":{\"background-color\":\"#fff\",\"background-image\":\"url(/data/cloud.jpg)\",\"background-position\":\"0 0\",\"background-size\":\"100% 100%\"},\"shadow\":{\"text-shadow\":\"#eee 2px 2px 6px\"},\"banner\":\"/data/cloud.jpg\",\"img\":{},\"tags\":[\"classic\",\"electric\"],\"services\":[\"shop\"],\"frame_width\":453,\"frame_height\":215,\"title\":\"Bike rent in Forum\",\"size\":\"small\",\"htmlad\":\"\\n              <div class=\\\"ad-box small\\\" style=\\\"\\n    padding: 0;\\n\\\">\\n                <a class=\\\"adlnk\\\" href=\\\"\\\" target=\\\"_blank\\\">\\n                  <div class=\\\"elem-ad\\\" style=\\\"animation: animation-85 850ms linear both;background-image: url(&quot;/data/cloud.jpg&quot;);background-color: rgb(255, 255, 255);background-size: 100% 100%;background-position: 0px 0px;padding: 0;\\\"></div>\\n                  <div class=\\\"add-str shadow\\\">\\n                    <h2 style=\\\"text-shadow: rgb(238, 238, 238) 2px 2px 6px; color: rgb(0, 0, 0); font-family: Orator; animation: animation-82 510ms linear both;\\\">Bike rent in Forum</h2>\\n                  </div>\\n                </a>\\n              </div>\\n            \"}','Forum, Barcelona',08002,NULL,NULL,'classic,electric','shop',NULL,NULL,'','Bike rent in Forum','','','my-default-log-file.log','',0,0,'2','','2016-05-09 22:59:48','1000-01-01 00:00:01','2016-05-09 23:28:30','1000-01-01 00:00:01','1000-01-01 00:00:01','','N'),(000187,00001,0,000064,4,'large','incredible cheap bikes in barcelona','','incredible-cheap-bikes-in-barcelona','','','\n              <div class=\"ad-box large\">\n                <a class=\"adlnk\" href=\"http://www.musicloader.org\" target=\"_blank\">\n                  <div class=\"elem-ad\" style=\"animation: animation-1 1000ms linear both; background-color: rgb(255, 255, 255); background-size: 100% 100%; background-position: 0px 0px;\"><img class=\"top-img ui-draggable ui-draggable-disabled ui-state-disabled\" src=\"/data/bike03_bg.png\" data-ratio=\"1\" data-frame-x=\"453\" data-frame-y=\"215\" data-pos-x=\"-84\" data-pos-y=\"-85\" style=\"height: 384px; width: 864px; position: relative; left: -84px; top: -85px; z-index: 3;\" aria-disabled=\"true\"></div>\n                  <div class=\"shadow add-pre\">\n                    <h2 style=\"text-shadow: rgb(238, 238, 238) 2px 2px 6px; color: rgb(0, 0, 0); font-family: Orator; animation: animation-86 510ms linear both;\">incredible cheap bikes in barcelona</h2>\n                  </div>\n                </a>\n              </div>\n            ','{\"font\":{\"color\":\"#000\",\"font-family\":\"Orator\"},\"bg\":{\"background-color\":\"#fff\",\"background-image\":\"url()\",\"background-position\":\"0 0\",\"background-size\":\"100% 100%\"},\"shadow\":{\"text-shadow\":\"#eee 2px 2px 6px\"},\"banner\":\"\",\"img\":{\"width\":\"864px\",\"height\":\"384px\",\"src\":\"/data/bike03_bg.png\",\"ratio\":\"1\",\"left\":\"-84px\",\"top\":\"-85px\"},\"tags\":[\"classic\",\"electric\"],\"services\":[\"shop\"],\"frame_width\":453,\"frame_height\":215,\"title\":\"incredible cheap bikes in barcelona\",\"website\":\"www.musicloader.org\",\"size\":\"large\",\"htmlad\":\"\\n              <div class=\\\"ad-box large\\\">\\n                <a class=\\\"adlnk\\\" href=\\\"http://www.musicloader.org\\\" target=\\\"_blank\\\">\\n                  <div class=\\\"elem-ad\\\" style=\\\"animation: animation-1 1000ms linear both; background-color: rgb(255, 255, 255); background-size: 100% 100%; background-position: 0px 0px;\\\"><img class=\\\"top-img ui-draggable ui-draggable-disabled ui-state-disabled\\\" src=\\\"/data/bike03_bg.png\\\" data-ratio=\\\"1\\\" data-frame-x=\\\"453\\\" data-frame-y=\\\"215\\\" data-pos-x=\\\"-84\\\" data-pos-y=\\\"-85\\\" style=\\\"height: 384px; width: 864px; position: relative; left: -84px; top: -85px; z-index: 3;\\\" aria-disabled=\\\"true\\\"></div>\\n                  <div class=\\\"shadow add-pre\\\">\\n                    <h2 style=\\\"text-shadow: rgb(238, 238, 238) 2px 2px 6px; color: rgb(0, 0, 0); font-family: Orator; animation: animation-86 510ms linear both;\\\">incredible cheap bikes in barcelona</h2>\\n                  </div>\\n                </a>\\n              </div>\\n            \"}','c/ reverse 123, Barcelona',08012,NULL,NULL,'classic,electric','shop',NULL,NULL,'www.musicloader.org','incredible cheap bikes in barcelona','','','my-default-log-file.log','',0,0,'2','','2016-05-13 00:14:26','1000-01-01 00:00:01','2016-05-13 00:44:55','1000-01-01 00:00:01','1000-01-01 00:00:01','','N'),(000188,00001,0,000061,4,'large','why dont you earn some money','','why-dont-you-earn-some-money','','','\n              <div class=\"ad-box large\">\n                <a class=\"adlnk\" href=\"http://www.musicloader.com\" target=\"_blank\">\n                  <div class=\"elem-ad\" style=\"animation: animation-1 1000ms linear both; background-color: rgb(255, 255, 255); background-size: 100% 100%; background-position: 0px 0px;\"><img class=\"top-img ui-draggable ui-draggable-disabled ui-state-disabled\" src=\"/data/bike03_bg.png\" data-ratio=\"2\" data-frame-x=\"453\" data-frame-y=\"215\" data-pos-x=\"13\" data-pos-y=\"12\" aria-disabled=\"true\" style=\"height: 192px; width: 432px; position: relative; left: 13px; top: 12px;\"></div>\n                  <div class=\"shadow add-pre\">\n                    <h2 style=\"text-shadow: rgb(238, 238, 238) 2px 2px 6px; color: rgb(0, 0, 0); font-family: Orator; animation: animation-56 510ms linear both;\">why dont you earn some money</h2>\n                  </div>\n                </a>\n              </div>\n            ','{\"font\":{\"color\":\"#000\",\"font-family\":\"Orator\"},\"bg\":{\"background-color\":\"#fff\",\"background-image\":\"url()\",\"background-position\":\"0 0\",\"background-size\":\"100% 100%\"},\"shadow\":{\"text-shadow\":\"#eee 2px 2px 6px\"},\"banner\":\"\",\"img\":{\"width\":\"432px\",\"height\":\"192px\",\"src\":\"/data/bike03_bg.png\",\"ratio\":\"2\",\"left\":\"13px\",\"top\":\"12px\"},\"tags\":[\"classic\",\"electric\",\"fixie\"],\"services\":[\"tours\",\"shop\",\"repair\"],\"frame_width\":453,\"frame_height\":215,\"title\":\"why dont you earn some money\",\"website\":\"www.musicloader.com\",\"size\":\"large\",\"htmlad\":\"\\n              <div class=\\\"ad-box large\\\">\\n                <a class=\\\"adlnk\\\" href=\\\"http://www.musicloader.com\\\" target=\\\"_blank\\\">\\n                  <div class=\\\"elem-ad\\\" style=\\\"animation: animation-1 1000ms linear both; background-color: rgb(255, 255, 255); background-size: 100% 100%; background-position: 0px 0px;\\\"><img class=\\\"top-img ui-draggable ui-draggable-disabled ui-state-disabled\\\" src=\\\"/data/bike03_bg.png\\\" data-ratio=\\\"2\\\" data-frame-x=\\\"453\\\" data-frame-y=\\\"215\\\" data-pos-x=\\\"13\\\" data-pos-y=\\\"12\\\" aria-disabled=\\\"true\\\" style=\\\"height: 192px; width: 432px; position: relative; left: 13px; top: 12px;\\\"></div>\\n                  <div class=\\\"shadow add-pre\\\">\\n                    <h2 style=\\\"text-shadow: rgb(238, 238, 238) 2px 2px 6px; color: rgb(0, 0, 0); font-family: Orator; animation: animation-56 510ms linear both;\\\">why dont you earn some money</h2>\\n                  </div>\\n                </a>\\n              </div>\\n            \"}','Mallorca 90, Barcelona',08012,NULL,NULL,'classic,electric,fixie','tours,shop,repair',NULL,NULL,'www.musicloader.com','why dont you earn some money','','','my-default-log-file.log','',0,0,'2','','2016-05-13 02:36:34','1000-01-01 00:00:01','2016-05-13 02:59:10','1000-01-01 00:00:01','1000-01-01 00:00:01','','N'),(000203,00001,0,000064,4,'large','this image is awesome and is in the middle','670981310','this-image-is-awesome-and-is-in-the-middle','','','\n              <div class=\"ad-box large\">\n                <a class=\"adlnk\" href=\"http://www.musicloader.org\" target=\"_blank\">\n                  <div class=\"elem-ad\" style=\"animation: animation-1 1000ms linear both; background-color: rgb(255, 255, 255); background-size: 100% 100%; background-position: 0px 0px;\"><img class=\"top-img ui-draggable ui-draggable-disabled ui-state-disabled\" src=\"/data/bike03_sh.png\" data-ratio=\"2\" data-frame-x=\"453\" data-frame-y=\"215\" data-pos-x=\"66\" data-pos-y=\"20\" aria-disabled=\"true\" style=\"height: 177px; width: 305px; position: relative; left: 66px; top: 20px;\"></div>\n                  <div class=\"add-str shadow\">\n                    <h2 style=\"text-shadow: rgb(238, 238, 238) 2px 2px 6px; color: rgb(0, 0, 0); font-family: Orator; animation: animation-4 510ms linear both;\">this image is awesome and is in the middle</h2>\n                  </div>\n                </a>\n              </div>\n            ','{\"font\":{\"color\":\"#000\",\"font-family\":\"Orator\"},\"bg\":{\"background-color\":\"#fff\",\"background-image\":\"url()\",\"background-position\":\"0 0\",\"background-size\":\"100% 100%\"},\"shadow\":{\"text-shadow\":\"#eee 2px 2px 6px\"},\"banner\":\"\",\"img\":{\"width\":\"305px\",\"height\":\"177px\",\"left\":\"66px\",\"top\":\"20px\",\"src\":\"/data/bike03_sh.png\",\"ratio\":\"2\"},\"tags\":[\"classic\",\"electric\"],\"services\":[\"shop\"],\"frame_width\":453,\"frame_height\":215,\"title\":\"this image is awesome and is in the middle\",\"website\":\"www.musicloader.org\",\"size\":\"large\",\"htmlad\":\"\\n              <div class=\\\"ad-box large\\\">\\n                <a class=\\\"adlnk\\\" href=\\\"http://www.musicloader.org\\\" target=\\\"_blank\\\">\\n                  <div class=\\\"elem-ad\\\" style=\\\"animation: animation-1 1000ms linear both; background-color: rgb(255, 255, 255); background-size: 100% 100%; background-position: 0px 0px;\\\"><img class=\\\"top-img ui-draggable ui-draggable-disabled ui-state-disabled\\\" src=\\\"/data/bike03_sh.png\\\" data-ratio=\\\"2\\\" data-frame-x=\\\"453\\\" data-frame-y=\\\"215\\\" data-pos-x=\\\"66\\\" data-pos-y=\\\"20\\\" aria-disabled=\\\"true\\\" style=\\\"height: 177px; width: 305px; position: relative; left: 66px; top: 20px;\\\"></div>\\n                  <div class=\\\"add-str shadow\\\">\\n                    <h2 style=\\\"text-shadow: rgb(238, 238, 238) 2px 2px 6px; color: rgb(0, 0, 0); font-family: Orator; animation: animation-4 510ms linear both;\\\">this image is awesome and is in the middle</h2>\\n                  </div>\\n                </a>\\n              </div>\\n            \"}','c/ zamora, Barcelona',08012,NULL,NULL,'classic,electric','shop',NULL,NULL,'www.musicloader.org','this image is awesome and is in the middle','','','my-default-log-file.log','',0,0,'2','','2016-05-13 17:15:03','1000-01-01 00:00:01','2016-05-13 19:48:01','1000-01-01 00:00:01','1000-01-01 00:00:01','','N'),(000204,00024,0,000064,0,'tiny','bike rent in vallcarca','1798426988','bike-rent-in-vallcarca','/data/cloudb.jpg','','                          <div class=\"ad-box large\">                <a class=\"adlnk\" href=\"http://www.musicloader.org\" target=\"_blank\">                  <div class=\"elem-ad\" style=\"animation: animation-1 1000ms linear both; background-image: url(\"/data/cloudb.jpg\"); background-color: rgb(255, 255, 255); background-size: 500px 210px; background-position: 5px 5px;\"><img class=\"top-img ui-draggable ui-draggable-disabled ui-state-disabled\" src=\"/data/bike03_bg.png\" data-ratio=\"2\" data-frame-x=\"510\" data-frame-y=\"220\" data-pos-x=\"11\" data-pos-y=\"11\" aria-disabled=\"true\" style=\"height: 192px; width: 432px; position: relative; left: 11px; top: 11px;\"></div>                  <div class=\"shadow add-pre\">                    <h2 style=\"text-shadow: rgb(0, 0, 0) 2px 2px 6px; color: rgb(255, 255, 255); font-family: Orator; animation: animation-80 510ms linear both;\"> bike rent in vallcarca</h2>                  </div>                </a>              </div>                    ','{\"font\":{\"color\":\"#ffffff\",\"font-family\":\"Orator\"},\"bg\":{\"background-color\":\"#fff\",\"background-image\":\"url(/data/cloudb.jpg)\",\"background-position\":\"5px 5px\",\"background-size\":\"500px 210px\"},\"shadow\":{\"text-shadow\":\"#000000 2px 2px 6px\"},\"banner\":\"/data/cloudb.jpg\",\"img\":{\"width\":\"432px\",\"height\":\"192px\",\"src\":\"/data/bike03_bg.png\",\"ratio\":\"2\",\"left\":\"11px\",\"top\":\"11px\"},\"tags\":[\"classic\",\"electric\",\"fixie\",\"cheapie\"],\"services\":[\"tours\",\"shop\",\"repair\"],\"frame_width\":510,\"frame_height\":220,\"title\":\" bike rent in vallcarca\",\"website\":\"www.musicloader.org\",\"size\":\"large\",\"htmlad\":\"\\n              <div class=\\\"ad-box large\\\">\\n                <a class=\\\"adlnk\\\" href=\\\"http://www.musicloader.org\\\" target=\\\"_blank\\\">\\n                  <div class=\\\"elem-ad\\\" style=\\\"animation: animation-1 1000ms linear both; background-image: url(&quot;/data/cloudb.jpg&quot;); background-color: rgb(255, 255, 255); background-size: 500px 210px; background-position: 5px 5px;\\\"><img class=\\\"top-img ui-draggable ui-draggable-disabled ui-state-disabled\\\" src=\\\"/data/bike03_bg.png\\\" data-ratio=\\\"2\\\" data-frame-x=\\\"510\\\" data-frame-y=\\\"220\\\" data-pos-x=\\\"11\\\" data-pos-y=\\\"11\\\" aria-disabled=\\\"true\\\" style=\\\"height: 192px; width: 432px; position: relative; left: 11px; top: 11px;\\\"></div>\\n                  <div class=\\\"shadow add-pre\\\">\\n                    <h2 style=\\\"text-shadow: rgb(0, 0, 0) 2px 2px 6px; color: rgb(255, 255, 255); font-family: Orator; animation: animation-80 510ms linear both;\\\"> bike rent in vallcarca</h2>\\n                  </div>\\n                </a>\\n              </div>\\n            \"}','Mallorca 90, Barcelona',08012,NULL,NULL,'classic,electric,fixie,cheapie','tours,shop,repair',540,320,'www.musicloader.org',' bike rent in vallcarca','','','my-default-log-file.log','hits',1,0,'2','000064','2016-05-23 22:09:10','2016-05-14 21:33:57','2016-05-14 21:29:42','2016-05-14 21:15:26','1000-01-01 00:00:01','','N'),(000205,00025,0,000064,4,'large','we are creating an ad','1071744685','we-are-creating-an-ad','','','\n              <div class=\"ad-box large\">\n                <a class=\"adlnk\" href=\"http://www.musicloader.org\" target=\"_blank\">\n                  <div class=\"elem-ad\" style=\"animation: animation-1 1000ms linear both; background-color: rgb(255, 255, 255); background-size: 100% 100%; background-position: 0px 0px;\"><img class=\"top-img ui-draggable ui-draggable-disabled ui-state-disabled\" src=\"/data/bike05.png\" data-ratio=\"3\" data-frame-x=\"510\" data-frame-y=\"220\" data-pos-x=\"-16\" data-pos-y=\"-120\" aria-disabled=\"true\" style=\"height: 336px; width: 559px; position: relative; left: -16px; top: -120px;\"></div>\n                  <div class=\"shadow add-pre\">\n                    <h2 style=\"text-shadow: rgb(255, 255, 255) 2px 2px 6px; color: rgb(0, 0, 0); font-family: Orator; animation: animation-42 510ms linear both;\">we are creating an ad</h2>\n                  </div>\n                </a>\n              </div>\n            ','{\"font\":{\"color\":\"#000000\",\"font-family\":\"Orator\"},\"bg\":{\"background-color\":\"#fff\",\"background-image\":\"url()\",\"background-position\":\"0 0\",\"background-size\":\"100% 100%\"},\"shadow\":{\"text-shadow\":\"#ffffff 2px 2px 6px\"},\"banner\":\"\",\"img\":{\"width\":\"559px\",\"height\":\"336px\",\"src\":\"/data/bike05.png\",\"ratio\":\"3\",\"left\":\"-16px\",\"top\":\"-120px\"},\"tags\":[\"classic\",\"electric\"],\"services\":[\"shop\"],\"frame_width\":510,\"frame_height\":220,\"title\":\"we are creating an ad\",\"website\":\"www.musicloader.org\",\"size\":\"large\",\"htmlad\":\"\\n              <div class=\\\"ad-box large\\\">\\n                <a class=\\\"adlnk\\\" href=\\\"http://www.musicloader.org\\\" target=\\\"_blank\\\">\\n                  <div class=\\\"elem-ad\\\" style=\\\"animation: animation-1 1000ms linear both; background-color: rgb(255, 255, 255); background-size: 100% 100%; background-position: 0px 0px;\\\"><img class=\\\"top-img ui-draggable ui-draggable-disabled ui-state-disabled\\\" src=\\\"/data/bike05.png\\\" data-ratio=\\\"3\\\" data-frame-x=\\\"510\\\" data-frame-y=\\\"220\\\" data-pos-x=\\\"-16\\\" data-pos-y=\\\"-120\\\" aria-disabled=\\\"true\\\" style=\\\"height: 336px; width: 559px; position: relative; left: -16px; top: -120px;\\\"></div>\\n                  <div class=\\\"shadow add-pre\\\">\\n                    <h2 style=\\\"text-shadow: rgb(255, 255, 255) 2px 2px 6px; color: rgb(0, 0, 0); font-family: Orator; animation: animation-42 510ms linear both;\\\">we are creating an ad</h2>\\n                  </div>\\n                </a>\\n              </div>\\n            \"}','Provenza 100, Barcelona',08012,NULL,NULL,'classic,electric','shop',NULL,NULL,'www.musicloader.org','we are creating an ad','','','my-default-log-file.log','',0,0,'2','','2016-05-14 21:40:49','1000-01-01 00:00:01','2016-05-14 22:02:43','1000-01-01 00:00:01','1000-01-01 00:00:01','','N'),(000206,00026,0,000064,4,'large','we are creating an ad','1071744685','we-are-creating-an-ad','','','\n              <div class=\"ad-box large\">\n                <a class=\"adlnk\" href=\"http://www.musicloader.org\" target=\"_blank\">\n                  <div class=\"elem-ad\" style=\"animation: animation-1 1000ms linear both; background-color: rgb(255, 255, 255); background-size: 100% 100%; background-position: 0px 0px;\"><img class=\"top-img ui-draggable ui-draggable-disabled ui-state-disabled\" src=\"/data/bike05.png\" data-ratio=\"3\" data-frame-x=\"510\" data-frame-y=\"220\" data-pos-x=\"-16\" data-pos-y=\"-120\" aria-disabled=\"true\" style=\"height: 336px; width: 559px; position: relative; left: -16px; top: -120px;\"></div>\n                  <div class=\"shadow add-pre\">\n                    <h2 style=\"text-shadow: rgb(255, 255, 255) 2px 2px 6px; color: rgb(0, 0, 0); font-family: Orator; animation: animation-42 510ms linear both;\">we are creating an ad</h2>\n                  </div>\n                </a>\n              </div>\n            ','{\"font\":{\"color\":\"#000000\",\"font-family\":\"Orator\"},\"bg\":{\"background-color\":\"#fff\",\"background-image\":\"url()\",\"background-position\":\"0 0\",\"background-size\":\"100% 100%\"},\"shadow\":{\"text-shadow\":\"#ffffff 2px 2px 6px\"},\"banner\":\"\",\"img\":{\"width\":\"559px\",\"height\":\"336px\",\"src\":\"/data/bike05.png\",\"ratio\":\"3\",\"left\":\"-16px\",\"top\":\"-120px\"},\"tags\":[\"classic\",\"electric\"],\"services\":[\"shop\"],\"frame_width\":510,\"frame_height\":220,\"title\":\"we are creating an ad\",\"website\":\"www.musicloader.org\",\"size\":\"large\",\"htmlad\":\"\\n              <div class=\\\"ad-box large\\\">\\n                <a class=\\\"adlnk\\\" href=\\\"http://www.musicloader.org\\\" target=\\\"_blank\\\">\\n                  <div class=\\\"elem-ad\\\" style=\\\"animation: animation-1 1000ms linear both; background-color: rgb(255, 255, 255); background-size: 100% 100%; background-position: 0px 0px;\\\"><img class=\\\"top-img ui-draggable ui-draggable-disabled ui-state-disabled\\\" src=\\\"/data/bike05.png\\\" data-ratio=\\\"3\\\" data-frame-x=\\\"510\\\" data-frame-y=\\\"220\\\" data-pos-x=\\\"-16\\\" data-pos-y=\\\"-120\\\" aria-disabled=\\\"true\\\" style=\\\"height: 336px; width: 559px; position: relative; left: -16px; top: -120px;\\\"></div>\\n                  <div class=\\\"shadow add-pre\\\">\\n                    <h2 style=\\\"text-shadow: rgb(255, 255, 255) 2px 2px 6px; color: rgb(0, 0, 0); font-family: Orator; animation: animation-42 510ms linear both;\\\">we are creating an ad</h2>\\n                  </div>\\n                </a>\\n              </div>\\n            \"}','Provenza 100, Barcelona',08012,NULL,NULL,'classic,electric','shop',NULL,NULL,'www.musicloader.org','we are creating an ad','','','my-default-log-file.log','',0,0,'2','','2016-05-14 21:44:13','1000-01-01 00:00:01','2016-05-14 22:16:06','1000-01-01 00:00:01','1000-01-01 00:00:01','','N'),(000207,00027,0,000064,4,'large','my new ad','1730947177','my-new-ad','','','\n              <div class=\"ad-box large\">\n                <a class=\"adlnk\" href=\"http://www.musicloader.org\" target=\"_blank\">\n                  <div class=\"elem-ad\" style=\"animation: animation-1 1000ms linear both; background-color: rgb(255, 255, 255); background-size: 100% 100%; background-position: 0px 0px;\"><img class=\"top-img ui-draggable ui-draggable-disabled ui-state-disabled\" src=\"/data/bike03.png\" data-ratio=\"4\" data-frame-x=\"510\" data-frame-y=\"220\" data-pos-x=\"-43\" data-pos-y=\"-72\" aria-disabled=\"true\" style=\"height: 375px; width: 600px; position: relative; left: -43px; top: -72px;\"></div>\n                  <div class=\"add-str shadow\">\n                    <h2 style=\"text-shadow: rgb(238, 238, 238) 2px 2px 6px; color: rgb(0, 0, 0); font-family: Orator; animation: animation-18 510ms linear both;\">my new ad</h2>\n                  </div>\n                </a>\n              </div>\n            ','{\"font\":{\"color\":\"#000\",\"font-family\":\"Orator\"},\"bg\":{\"background-color\":\"#fff\",\"background-image\":\"url()\",\"background-position\":\"0 0\",\"background-size\":\"100% 100%\"},\"shadow\":{\"text-shadow\":\"#eee 2px 2px 6px\"},\"banner\":\"\",\"img\":{\"width\":\"600px\",\"height\":\"375px\",\"src\":\"/data/bike03.png\",\"ratio\":\"4\",\"left\":\"-43px\",\"top\":\"-72px\"},\"tags\":[\"classic\",\"electric\"],\"services\":[\"shop\"],\"frame_width\":510,\"frame_height\":220,\"title\":\"my new ad\",\"website\":\"www.musicloader.org\",\"size\":\"large\",\"htmlad\":\"\\n              <div class=\\\"ad-box large\\\">\\n                <a class=\\\"adlnk\\\" href=\\\"http://www.musicloader.org\\\" target=\\\"_blank\\\">\\n                  <div class=\\\"elem-ad\\\" style=\\\"animation: animation-1 1000ms linear both; background-color: rgb(255, 255, 255); background-size: 100% 100%; background-position: 0px 0px;\\\"><img class=\\\"top-img ui-draggable ui-draggable-disabled ui-state-disabled\\\" src=\\\"/data/bike03.png\\\" data-ratio=\\\"4\\\" data-frame-x=\\\"510\\\" data-frame-y=\\\"220\\\" data-pos-x=\\\"-43\\\" data-pos-y=\\\"-72\\\" aria-disabled=\\\"true\\\" style=\\\"height: 375px; width: 600px; position: relative; left: -43px; top: -72px;\\\"></div>\\n                  <div class=\\\"add-str shadow\\\">\\n                    <h2 style=\\\"text-shadow: rgb(238, 238, 238) 2px 2px 6px; color: rgb(0, 0, 0); font-family: Orator; animation: animation-18 510ms linear both;\\\">my new ad</h2>\\n                  </div>\\n                </a>\\n              </div>\\n            \"}','Mallorca 90, Barceloa',08012,41.385193,2.151252,'classic,electric','shop',NULL,NULL,'www.musicloader.org','my new ad','','','my-default-log-file.log','',10,0,'2','','2016-05-14 22:33:21','1000-01-01 00:00:01','2017-05-16 12:43:04','2016-06-02 13:41:46','1000-01-01 00:00:01','','Y'),(000216,00001,0,000064,NULL,'large','bes westmister avveniu in bcn','1303934253','bes-westmister-avveniu-in-bcn','/data/bike03.png','/data/cloudb.jpg','\n              <div class=\"ad-box large\">\n                <a class=\"adlnk\" href=\"http://www.musicloader.org\" target=\"_blank\">\n                  <div class=\"elem-ad\" style=\"animation: animation-1 1000ms linear both; background-image: url(&quot;/data/cloudb.jpg&quot;); background-color: rgb(255, 255, 255); background-size: 100% 100%; background-position: 0px 0px;\"><img class=\"top-img ui-draggable ui-draggable-disabled ui-state-disabled\" src=\"/data/bike03.png\" data-ratio=\"4\" data-frame-x=\"510\" data-frame-y=\"220\" data-pos-x=\"-244\" data-pos-y=\"-128\" aria-disabled=\"true\" style=\"height: 375px; width: 600px; position: relative; left: -244px; top: -128px;\"></div>\n                  <div class=\"add-str shadow\">\n                    <h2 style=\"text-shadow: rgb(0, 0, 0) 2px 2px 6px; color: rgb(255, 255, 255); font-family: Orator; animation: animation-58 510ms linear both;\">bes westmister avveniu in bcn</h2>\n                  </div>\n                </a>\n              </div>\n            ','{\"font\":{\"color\":\"#ffffff\",\"font-family\":\"Orator\"},\"bg\":{\"background-color\":\"#fff\",\"background-image\":\"url(/data/cloudb.jpg)\",\"background-position\":\"0 0\",\"background-size\":\"100% 100%\"},\"shadow\":{\"text-shadow\":\"#000000 2px 2px 6px\"},\"banner\":\"/data/bike03.png\",\"img\":{\"width\":\"600px\",\"height\":\"375px\",\"src\":\"/data/bike03.png\",\"ratio\":\"4\",\"left\":\"-244px\",\"top\":\"-128px\"},\"tags\":[\"classic\",\"cheapie\"],\"services\":[\"tours\"],\"frame_width\":510,\"frame_height\":220,\"title\":\"bes westmister avveniu in bcn\",\"website\":\"www.musicloader.org\",\"bgimage\":\"/data/cloudb.jpg\",\"size\":\"large\",\"htmlad\":\"\\n              <div class=\\\"ad-box large\\\">\\n                <a class=\\\"adlnk\\\" href=\\\"http://www.musicloader.org\\\" target=\\\"_blank\\\">\\n                  <div class=\\\"elem-ad\\\" style=\\\"animation: animation-1 1000ms linear both; background-image: url(&quot;/data/cloudb.jpg&quot;); background-color: rgb(255, 255, 255); background-size: 100% 100%; background-position: 0px 0px;\\\"><img class=\\\"top-img ui-draggable ui-draggable-disabled ui-state-disabled\\\" src=\\\"/data/bike03.png\\\" data-ratio=\\\"4\\\" data-frame-x=\\\"510\\\" data-frame-y=\\\"220\\\" data-pos-x=\\\"-244\\\" data-pos-y=\\\"-128\\\" aria-disabled=\\\"true\\\" style=\\\"height: 375px; width: 600px; position: relative; left: -244px; top: -128px;\\\"></div>\\n                  <div class=\\\"add-str shadow\\\">\\n                    <h2 style=\\\"text-shadow: rgb(0, 0, 0) 2px 2px 6px; color: rgb(255, 255, 255); font-family: Orator; animation: animation-58 510ms linear both;\\\">bes westmister avveniu in bcn</h2>\\n                  </div>\\n                </a>\\n              </div>\\n            \"}','c/ nova 123, Barcelona',08012,41.419155,2.151113,'classic,cheapie','tours',NULL,NULL,'www.musicloader.org','bes westmister avveniu in bcn',NULL,NULL,'my-default-log-file.log',NULL,7,0,'3',NULL,'2016-05-20 21:39:23','2016-05-20 21:39:23','2017-05-20 21:42:12','2016-06-02 13:42:15','1000-01-01 00:00:01',NULL,'Y'),(000222,00024,0,000064,4,'large','bike rent in the beach of barcelona','109537185','bike-rent-in-the-beach-of-barcelona','/data/bg-twitter.png','/data/bike07_bg.png','\n              <div class=\"ad-box large\">\n                <a class=\"adlnk\" href=\"http://www.musicloader.org\" target=\"_blank\">\n                  <div class=\"elem-ad\" style=\"animation: animation-1 1000ms linear both; background-image: url(http://14a45f4e8d6450e898bc-72bede2acb58d9a030af974753acefca.r42.cf5.rackcdn.com/ad222_bgi_8bd825e092b3172febccdd69dc392c8f.png); background-size: auto 100%; background-position: 0px 0px;\"><img class=\"top-img ui-draggable ui-draggable-disabled ui-state-disabled\" src=\"http://14a45f4e8d6450e898bc-72bede2acb58d9a030af974753acefca.r42.cf5.rackcdn.com/ad222_img_91a8540c27739f146e44768b1b08898f.png\" style=\"height: 24px; width: 24px; position: relative; left: 380px; top: 36px;\"></div>\n                  <div class=\"shadow add-str\">\n                    <h2 style=\"text-shadow: rgb(238, 238, 238) 2px 2px 6px; color: rgb(0, 0, 0); font-family: Orator; animation: animation-70 510ms linear both;\">bike rent in the beach of barcelona</h2>\n                  </div>\n                </a>\n              </div>\n            ','{\"font\":{\"color\":\"#000\",\"font-family\":\"Orator\"},\"bg\":{\"background-color\":\"#fff\",\"background-image\":\"url(/data/bike07_bg.png)\",\"background-position\":\"0 0\",\"background-size\":\"auto 100%\"},\"shadow\":{\"text-shadow\":\"#eee 2px 2px 6px\"},\"banner\":\"/data/bg-twitter.png\",\"img\":{\"width\":\"24px\",\"height\":\"24px\",\"left\":\"380px\",\"top\":\"36px\",\"src\":\"/data/bg-twitter.png\",\"ratio\":\"1\"},\"tags\":[\"classic\",\"cheapie\",\"electric\",\"fixie\"],\"services\":[\"tours\",\"repair\",\"shop\"],\"frame_width\":510,\"frame_height\":220,\"title\":\"bike rent in the beach of barcelona\",\"website\":\"www.musicloader.org\",\"bgimage\":\"/data/bike07_bg.png\",\"size\":\"large\",\"htmlad\":\"\\n              <div class=\\\"ad-box large\\\">\\n                <a class=\\\"adlnk\\\" href=\\\"http://www.musicloader.org\\\" target=\\\"_blank\\\">\\n                  <div class=\\\"elem-ad\\\" style=\\\"animation: animation-1 1000ms linear both; background-image: url(&quot;/data/bike07_bg.png&quot;); background-color: rgb(255, 255, 255); background-size: auto 100%; background-position: 0px 0px;\\\"><img class=\\\"top-img ui-draggable ui-draggable-disabled ui-state-disabled\\\" src=\\\"/data/bg-twitter.png\\\" data-ratio=\\\"1\\\" data-frame-x=\\\"510\\\" data-frame-y=\\\"220\\\" data-pos-x=\\\"380\\\" data-pos-y=\\\"36\\\" aria-disabled=\\\"true\\\" style=\\\"height: 24px; width: 24px; position: relative; left: 380px; top: 36px;\\\"></div>\\n                  <div class=\\\"shadow add-str\\\">\\n                    <h2 style=\\\"text-shadow: rgb(238, 238, 238) 2px 2px 6px; color: rgb(0, 0, 0); font-family: Orator; animation: animation-70 510ms linear both;\\\">bike rent in the beach of barcelona</h2>\\n                  </div>\\n                </a>\\n              </div>\\n            \"}','c/ Lluys Companys 19, Barcelona',08012,41.390884,2.179938,'classic,cheapie,electric,fixie','tours,repair,shop',NULL,NULL,'www.musicloader.org','bike rent in the beach of barcelona',NULL,NULL,'my-default-log-file.log',NULL,1,0,'3',NULL,'2016-05-23 19:52:40','2016-05-23 19:52:40','2017-05-23 19:53:11','2016-06-02 17:55:28','1000-01-01 00:00:01',NULL,'Y'),(000223,00026,0,000065,4,'large','Jauma\'s rent a bike limiter offer','223012951','jauma\'s-rent-a-bike-limiter-offer','/data/bike03.png','/data/sky_01.jpg','\n              <div class=\"ad-box large\">\n                <a class=\"adlnk\" href=\"http://www.jaumabikes.com\" target=\"_blank\">\n                  <div class=\"elem-ad\" style=\"animation: animation-1 1000ms linear both; background-image: url(http://2292f57856a87ef52f7d-c542d33e37f3d345f26891fbdc735dd1.r53.cf5.rackcdn.com/ad223_bgi_4752575eba35a0ccd15c38d2b7c67931.jpg); background-size: 100%; background-position: 0px 0px;\"><img class=\"top-img ui-draggable ui-draggable-disabled ui-state-disabled\" src=\"http://2292f57856a87ef52f7d-c542d33e37f3d345f26891fbdc735dd1.r53.cf5.rackcdn.com/ad223_img_e0bb142a33f584c78fa414f8e4879612.png\" style=\"height: 375px; width: 600px; position: relative; left: 226px; top: -168px;\"></div>\n                  <div class=\"shadow add-pre\">\n                    <h2 style=\"text-shadow: rgb(83, 83, 83) 2px 2px 6px; color: rgb(255, 255, 255); font-family: Orator; animation: animation-134 510ms linear both;\">Jauma\'s rent a bike limiter offer</h2>\n                  </div>\n                </a>\n              </div>\n            ','{\"font\":{\"color\":\"#ffffff\",\"font-family\":\"Orator\"},\"bg\":{\"background-color\":\"#fff\",\"background-image\":\"url(/data/sky_01.jpg)\",\"background-position\":\"0 0\",\"background-size\":\"100% auto\"},\"shadow\":{\"text-shadow\":\"#535353 2px 2px 6px\"},\"banner\":\"/data/bike03.png\",\"img\":{\"width\":\"600px\",\"height\":\"375px\",\"left\":\"226px\",\"top\":\"-168px\",\"src\":\"/data/bike03.png\",\"ratio\":\"4\"},\"tags\":[\"classic\",\"electric\"],\"services\":[\"shop\",\"tours\"],\"frame_width\":510,\"frame_height\":220,\"title\":\"Jauma\'s rent a bike limiter offer\",\"website\":\"www.jaumabikes.com\",\"bgimage\":\"/data/sky_01.jpg\",\"size\":\"large\",\"htmlad\":\"\\n              <div class=\\\"ad-box large\\\">\\n                <a class=\\\"adlnk\\\" href=\\\"http://www.jaumabikes.com\\\" target=\\\"_blank\\\">\\n                  <div class=\\\"elem-ad\\\" style=\\\"animation: animation-1 1000ms linear both; background-image: url(&quot;/data/sky_01.jpg&quot;); background-color: rgb(255, 255, 255); background-size: 100%; background-position: 0px 0px;\\\"><img class=\\\"top-img ui-draggable ui-draggable-disabled ui-state-disabled\\\" src=\\\"/data/bike03.png\\\" data-ratio=\\\"4\\\" data-frame-x=\\\"510\\\" data-frame-y=\\\"220\\\" data-pos-x=\\\"226\\\" data-pos-y=\\\"-168\\\" aria-disabled=\\\"true\\\" style=\\\"height: 375px; width: 600px; position: relative; left: 226px; top: -168px;\\\"></div>\\n                  <div class=\\\"shadow add-pre\\\">\\n                    <h2 style=\\\"text-shadow: rgb(83, 83, 83) 2px 2px 6px; color: rgb(255, 255, 255); font-family: Orator; animation: animation-134 510ms linear both;\\\">Jauma\'s rent a bike limiter offer</h2>\\n                  </div>\\n                </a>\\n              </div>\\n            \"}','Plaza sant jauma BArcelona',08002,41.382767,2.177163,'classic,electric','shop,tours',NULL,NULL,'www.jaumabikes.com','Jauma\'s rent a bike limiter offer',NULL,NULL,'my-default-log-file.log',NULL,3,0,'3',NULL,'2016-05-23 21:40:39','2016-05-23 21:40:39','2017-05-23 21:41:35','2016-06-02 13:45:40','1000-01-01 00:00:01',NULL,'Y');
/*!40000 ALTER TABLE `ads` ENABLE KEYS */;
UNLOCK TABLES;

--
-- Table structure for table `domains`
--

DROP TABLE IF EXISTS `domains`;
/*!40101 SET @saved_cs_client     = @@character_set_client */;
/*!40101 SET character_set_client = utf8 */;
CREATE TABLE `domains` (
  `domainid` int(6) unsigned zerofill NOT NULL AUTO_INCREMENT,
  `name` varchar(64) NOT NULL,
  `uri` varchar(256) DEFAULT '',
  `redir` varchar(128) NOT NULL,
  `logpath` varchar(128) NOT NULL,
  `createdate` datetime DEFAULT NULL,
  `modifydate` datetime DEFAULT NULL,
  `notes` text,
  `active` enum('Y','N','P','D') DEFAULT NULL,
  KEY `domainid` (`domainid`),
  KEY `active` (`active`)
) ENGINE=InnoDB AUTO_INCREMENT=66 DEFAULT CHARSET=latin1;
/*!40101 SET character_set_client = @saved_cs_client */;

--
-- Dumping data for table `domains`
--

LOCK TABLES `domains` WRITE;
/*!40000 ALTER TABLE `domains` DISABLE KEYS */;
INSERT INTO `domains` VALUES (000013,'test domain','','/adredir.php','/default',NULL,'2016-04-23 19:09:03','Testing add delete feature as well as mysql engine in Osx','Y'),(000061,'musicloader.com','www.musicloader.com','www.musicloader.com/redir.php','/usr/local/www/musicloader/protected/modules/ads/lib/logs/default','2016-05-09 15:01:05','2016-05-12 22:24:52','Musicloader is a music player domain with electronic psychedelic music. ','Y'),(000064,'musicloader.org','www.musicloader.org','www.musicloader.org/redir.php','/usr/local/www/musicloader/protected/modules/ads/lib/logs/default','2016-05-12 22:38:22','1000-01-01 00:00:01','','Y'),(000065,'jaumabikes.com','www.jaumabikes.com','www.jaumabikes.com/redir.php','/usr/local/www/musicloader/protected/modules/ads/lib/logs/default','2016-05-23 21:37:54','1000-01-01 00:00:01','','Y');
/*!40000 ALTER TABLE `domains` ENABLE KEYS */;
UNLOCK TABLES;

--
-- Table structure for table `payments`
--

DROP TABLE IF EXISTS `payments`;
/*!40101 SET @saved_cs_client     = @@character_set_client */;
/*!40101 SET character_set_client = utf8 */;
CREATE TABLE `payments` (
  `paymentid` int(6) unsigned zerofill NOT NULL AUTO_INCREMENT,
  `paypalid` varchar(64) NOT NULL,
  `state` varchar(32) DEFAULT '',
  `payment_method` varchar(32) DEFAULT '',
  `amount` smallint(6) NOT NULL,
  `hash` varchar(20) NOT NULL,
  `usr_status` varchar(32) DEFAULT '',
  `usr_email` varchar(128) DEFAULT '',
  `usr_id` varchar(64) NOT NULL,
  `usr_first_name` varchar(128) DEFAULT '',
  `usr_last_name` varchar(128) DEFAULT '',
  `createdate` datetime DEFAULT NULL,
  PRIMARY KEY (`paymentid`),
  KEY `paymentid` (`paymentid`),
  KEY `state` (`state`)
) ENGINE=InnoDB AUTO_INCREMENT=20 DEFAULT CHARSET=latin1;
/*!40101 SET character_set_client = @saved_cs_client */;

--
-- Dumping data for table `payments`
--

LOCK TABLES `payments` WRITE;
/*!40000 ALTER TABLE `payments` DISABLE KEYS */;
INSERT INTO `payments` VALUES (000002,'PAY-4BE46309AV061470VK427FVA','approved','paypal',110,'160513_e6cff987','VERIFIED',NULL,'T83Z7PANRMEZC','test','buyer','2016-05-13 15:34:35'),(000003,'PAY-209961798M031162EK427OHA','approved','paypal',110,'160513_cf4df9df','VERIFIED',NULL,'T83Z7PANRMEZC','test','buyer','2016-05-13 15:48:31'),(000004,'PAY-2HB79868T7325425KK427SPY','approved','paypal',110,'160513_afc10df3','VERIFIED',NULL,'T83Z7PANRMEZC','test','buyer','2016-05-13 15:57:08'),(000005,'PAY-5V96577488630211UK427U5I','approved','paypal',110,'160513_eeb6bd92','VERIFIED',NULL,'T83Z7PANRMEZC','test','buyer','2016-05-13 16:02:27'),(000006,'PAY-9WT70963FY986951WK43CVSY','approved','paypal',110,'160513_b05c6765','VERIFIED',NULL,'T83Z7PANRMEZC','test','buyer','2016-05-13 19:30:05'),(000007,'PAY-2G22294458233130HK43Z56Q','approved','paypal',110,'160514_eb97c91b','VERIFIED',NULL,'T83Z7PANRMEZC','test','buyer','2016-05-14 21:56:43'),(000008,'PAY-90V64505M2651394JK432QEQ','approved','paypal',110,'160514_5c081dcd','VERIFIED',NULL,'T83Z7PANRMEZC','test','buyer','2016-05-14 22:35:27'),(000009,'PAY-2M636212YY735532UK47XYYA','approved','paypal',110,'160520_7dc4c340','VERIFIED',NULL,'T83Z7PANRMEZC','test','buyer','2016-05-20 21:07:35'),(000010,'PAY-0A972531JD1773403K47YIFI','approved','paypal',110,'160520_88a44181','VERIFIED',NULL,'T83Z7PANRMEZC','test','buyer','2016-05-20 21:42:07'),(000011,'PAY-3AU30101JU557733LK47YXRA','approved','paypal',110,'160520_d2c79861','VERIFIED',NULL,'T83Z7PANRMEZC','test','buyer','2016-05-20 22:13:57'),(000012,'PAY-562836073U038131WK473BVQ','approved','paypal',110,'160520_ba7829ea','VERIFIED',NULL,'T83Z7PANRMEZC','test','buyer','2016-05-21 00:51:08'),(000013,'PAY-2XL222648H146302TK473LMA','approved','paypal',110,'160521_ac1a2aab','VERIFIED',NULL,'T83Z7PANRMEZC','test','buyer','2016-05-21 01:11:46'),(000014,'PAY-6WR37972GW8732926K473RIY','approved','paypal',110,'160521_aa70046d','VERIFIED',NULL,'T83Z7PANRMEZC','test','buyer','2016-05-21 01:24:18'),(000015,'PAY-0SP54050MU958235YK5BUNOQ','approved','paypal',110,'160523_898ed5fc','VERIFIED',NULL,'T83Z7PANRMEZC','test','buyer','2016-05-23 18:07:34'),(000016,'PAY-4PW76555BU4245410K5BVZYQ','approved','paypal',110,'804998bc1c','VERIFIED',NULL,'T83Z7PANRMEZC','test','buyer','2016-05-23 19:41:57'),(000017,'PAY-8CS12142FD2894715K5BV4YI','approved','paypal',110,'804998bc1c','VERIFIED',NULL,'T83Z7PANRMEZC','test','buyer','2016-05-23 19:48:08'),(000018,'PAY-3MG59940K7170234WK5BV7FI','approved','paypal',110,'804998bc1c','VERIFIED',NULL,'T83Z7PANRMEZC','test','buyer','2016-05-23 19:53:11'),(000019,'PAY-3AY526485L724344UK5BXRZA','approved','paypal',110,'98c815bcd3','VERIFIED',NULL,'T83Z7PANRMEZC','test','buyer','2016-05-23 21:41:35');
/*!40000 ALTER TABLE `payments` ENABLE KEYS */;
UNLOCK TABLES;

--
-- Table structure for table `stat`
--

DROP TABLE IF EXISTS `stat`;
/*!40101 SET @saved_cs_client     = @@character_set_client */;
/*!40101 SET character_set_client = utf8 */;
CREATE TABLE `stat` (
  `adid` int(6) unsigned zerofill NOT NULL,
  `date` datetime DEFAULT NULL,
  `hits` int(8) unsigned DEFAULT NULL,
  `clicks` int(8) unsigned DEFAULT NULL,
  `likes` int(8) unsigned DEFAULT NULL,
  `statid` int(6) unsigned zerofill NOT NULL AUTO_INCREMENT,
  PRIMARY KEY (`statid`),
  KEY `adid` (`adid`)
) ENGINE=InnoDB AUTO_INCREMENT=4 DEFAULT CHARSET=latin1;
/*!40101 SET character_set_client = @saved_cs_client */;

--
-- Dumping data for table `stat`
--

LOCK TABLES `stat` WRITE;
/*!40000 ALTER TABLE `stat` DISABLE KEYS */;
INSERT INTO `stat` VALUES (000216,'2016-05-14 21:33:57',3,0,0,000001),(000216,'2016-05-15 21:33:57',5,2,1,000002),(000204,'2016-05-11 21:33:57',2,1,1,000003);
/*!40000 ALTER TABLE `stat` ENABLE KEYS */;
UNLOCK TABLES;
/*!40103 SET TIME_ZONE=@OLD_TIME_ZONE */;

/*!40101 SET SQL_MODE=@OLD_SQL_MODE */;
/*!40014 SET FOREIGN_KEY_CHECKS=@OLD_FOREIGN_KEY_CHECKS */;
/*!40014 SET UNIQUE_CHECKS=@OLD_UNIQUE_CHECKS */;
/*!40101 SET CHARACTER_SET_CLIENT=@OLD_CHARACTER_SET_CLIENT */;
/*!40101 SET CHARACTER_SET_RESULTS=@OLD_CHARACTER_SET_RESULTS */;
/*!40101 SET COLLATION_CONNECTION=@OLD_COLLATION_CONNECTION */;
/*!40111 SET SQL_NOTES=@OLD_SQL_NOTES */;

-- Dump completed on 2016-06-02 21:50:03
